Question,Answer
"I received a package with damaged goods; what are my options for replacement or refund?","For damaged goods, please contact our customer service with your order details, and we will arrange for a replacement or refund."
"There was a mistake in my online order; how can I correct it?","To correct a mistake in your online order, please reach out to our customer service team immediately with the details."
"I was charged twice for my order; how do I get a refund for the duplicate charge?","If you were charged twice, please provide your order number and payment method to our customer service for a refund."
"Can you provide the full ingredient list for [specific product], including allergens?","For detailed ingredient lists, you can check the product packaging or contact our customer service for assistance."
"I have a severe allergy; how can I be sure that your store prevents cross-contamination?","We take allergies seriously and have protocols in place; please speak with a manager for specific concerns."
"I found an expired product on the shelf; what should I do, and how do you handle such cases?","If you find an expired product, please bring it to our attention at the customer service desk, and we will handle it accordingly."
"I think I was overcharged at the register; how can I dispute this charge?","To dispute an overcharge, please bring your receipt and payment method to customer service for verification."
"There was a pricing error on the shelf tag; am I entitled to the lower price?","For pricing errors, we honor the lower price if the shelf tag was incorrect."
"I need to return a large appliance I purchased; what is the process?","For returning large appliances, please contact customer service to arrange for pickup or delivery."
"Can I get a rain check for an item that was on sale but out of stock?","Yes, we offer rain checks for out-of-stock sale items; please ask at customer service."
"I want to place a special order for a product not carried in your store; is that possible?","Special orders can be arranged through our customer service department."
"How do I report a product that I believe is unsafe or defective?","To report an unsafe product, please contact our quality assurance team or customer service."
"I have a complaint about an employee's behavior; how can I report it?","Complaints about employee behavior should be reported to a manager or through our customer service line."
"There was a mix-up with my prescription; what steps should I take to resolve this?","For prescription mix-ups, please contact the pharmacy immediately to resolve the issue."
"I need to cancel a large online order; what is the cancellation policy?","Large orders can be canceled within 24 hours of placement; after that, it depends on the order status."
"Can I get a refund for an item I no longer want, even if it's not defective?","Returns for non-defective items may be subject to our return policy, which varies by product."
"I received the wrong item in my delivery; how do I exchange it?","For wrong items received, please contact customer service with your order details for an exchange."
"There was a substitution in my order that I didn't approve; what can I do?","Unapproved substitutions can be returned or exchanged; please check with customer service."
"I need to return an item bought with a gift card; how does that work?","Returns with gift cards are processed as store credit or onto another gift card."
"Can I return items purchased at another store location?","Returns from other locations may be accepted, but it's best to return to the original store."
"I want to donate my unwanted groceries to a food bank; is that allowed?","Donating unwanted groceries is not typically allowed due to health regulations, but you can check with local food banks."
"How do I apply for a job at your store?","Job applications can be submitted online through our careers page."
"What are the requirements for becoming a vendor or supplier for your store?","To become a vendor, please visit our supplier portal online."
"I found a foreign object in my food; what should I do, and can I get compensated?","If you find a foreign object in food, please do not consume it and contact customer service immediately."
"There was a spill in the aisle, and no one cleaned it up; who should I notify?","Spills should be reported to any staff member or at the customer service desk."
"I witnessed a theft in the store; what is the proper procedure to report it?","For witnessed thefts, please inform security or a manager discreetly."
"I need to access my account to view past purchases; how can I do that?","Account access for past purchases can be done through your online account or by contacting customer service."
"Can I track the status of my delivery order in real-time?","You can track your delivery order through our app or website."
"I have a question about my bill from a catering order; who can assist me?","For catering bill inquiries, please contact our catering department directly."
"There was an issue with my catering delivery; what are my options for resolution?","Issues with catering deliveries should be reported immediately to our catering team for resolution."
"I want to host an event at your store; who should I contact?","Event hosting inquiries should be directed to our special events coordinator."
"Can I get permission to distribute flyers or samples in your store?","Distributing flyers or samples requires prior approval from store management."
"I need to report a lost item from my previous visit; is there a lost and found?","Lost items can be reported at the customer service desk; we keep items for 30 days."
"There was a power outage during my shopping trip; will my purchases be discounted?","During power outages, we may offer discounts at management's discretion."
"I experienced poor service from a specific employee; can I provide feedback anonymously?","Feedback about employees can be provided anonymously through our customer service line."
"I need to speak to a manager about a recurring issue; how can I arrange that?","To speak with a manager, you can ask any staff member to assist you."
"There was a problem with the self-checkout machine; who can assist me?","For self-checkout issues, please flag down an associate for help."
"I need help with assembling a product I bought; does your store offer that service?","Assembly services are not offered by our store; you may need to contact the manufacturer."
"Can I get nutritional consulting or advice from your staff?","Nutritional advice is not provided by staff; please consult with a healthcare professional."
"I want to start a blog about grocery shopping; can I interview your staff or take photos in the store?","Media requests for interviews or photos require approval from our public relations department."
"There was a recall on a product I recently purchased; what should I do?","For recalled products, please do not consume and return them to the store for a full refund."
"I need to know if a product is sourced locally or organically; how can I verify that?","Product sourcing information is available on packaging or through customer service."
"Can I get a tour of your store's back rooms or warehouse?","Store tours are not available to the public for safety and privacy reasons."
"I have a suggestion for a new product line; who should I contact?","Product suggestions can be sent to our product development team via email."
"There was an error in my receipt; how can I get it corrected?","Receipt errors should be brought to customer service for correction."
"I need to dispute a charge on my credit card statement from your store; what is the process?","Credit card disputes should be handled through your card issuer, but we can provide transaction details if needed."
"Can I get a transcript of my previous customer service interactions?","Transcripts of customer service interactions are not typically provided, but summaries may be available upon request."
"I want to participate in your store's focus groups or surveys; how can I sign up?","Focus groups and surveys are conducted periodically; you can sign up through our website or in-store promotions."
"There was a security incident at your store; how is my personal information protected?","We take data security seriously and comply with all relevant privacy laws; detailed policies are available online."
"I need to understand your store's data privacy policy regarding customer information?","Our data privacy policy ensures that customer information is used only for improving service and with consent where required."